<?xml version="1.0" encoding="UTF-8"?>
<beans xmlns="http://www.springframework.org/schema/beans"
	xmlns:xsi="http://www.w3.org/2001/XMLSchema-instance"
	xsi:schemaLocation="http://www.springframework.org/schema/beans http://www.springframework.org/schema/beans/spring-beans.xsd">
	<!-- bean : 싱글톤 객체 -->
	<!-- context파일 : project 전체 영역에서 사용할 싱글톤 객체를 정의하는 파일 -->
	<!-- 스프링 프로그램이 시작할 때, 어노테이션과 이 파일을 읽어서 싱글톤을 만든다. 
		 만들 때 문제가 생기면, 스프링 프로그램이 시작되지 않는다.
		 404 에러가 시작한다.
		 콘솔을 보고 에러의 맨 마지막에 보여지는 에러를 확인해서 수정하면 된다. -->
	<!-- myBatis 싱글톤 객체 필요 -->
	<!-- 기본 생성자가 없기 때문에 입력값을 반드시 넣어주어야 한다. 반드시 config가 필요하다 -->
	<!-- SqlSessionTemplate mybatis = new SqlSessionTemplate(config);
		 public SqlSessionTemplate(SqlSessionFactoryBean config){
		 	this.config;
		 }
	-->	
	<bean id="mybatis" class="org.mybatis.spring.SqlSessionTemplate">
		<constructor-arg ref="config"></constructor-arg>
	</bean>
	
	<!-- myBatis 설정만을 담당하는 싱글톤 객체 필요 
		 mapper 관리를 해주는 config 설정, dbcp 설정-->
	<!--  String configlocation; 정수 실수, 문자, 논리, String
	      DataSource dataSource; 주소 -->
	<bean id="config" class="org.mybatis.spring.SqlSessionFactoryBean">
		<property name="configLocation" value="classpath:mybatis-config.xml"></property><!-- 정수,실수, 글자, 논리, String는 value -->
		<property name="dataSource" ref="dbcp"></property><!-- 주소에 대한 것은 ref -->
	</bean>
	
	
	<!-- dbcp 싱글톤 객체 필요 -->
	<!-- DBCP dbcp = new DBCP(); -->
	<!-- <bean id="dbcp" class="com.mega.DBCP"></bean> -->
	<bean id="dbcp" class="org.apache.commons.dbcp.BasicDataSource">
		<property name="driverClassName" value="oracle.jdbc.OracleDriver"></property> <!-- property는 set메서드를 불러준다. -->
		<property name="url" value="jdbc:oracle:thin:@localhost:1521:xe"></property>
		<property name="username" value="root"></property>
		<property name="password" value="1234"></property>
	</bean>
	
	
</beans>
